{"poses": [[[[1.0, -1.6653345369377348e-16, 0.0], [0.0, 1.0, 0.0], [-1.1102230246251565e-16, 0.0, 0.9999999999999999]], [[-0.5773502691896258], [0.5773502691896258], [-0.5773502691896256]]], [[[0.9999999999999998, -1.3877787807814457e-15, -1.1657341758564144e-15], [1.4432899320127035e-15, 1.0, 8.049116928532385e-16], [1.2212453270876722e-15, -6.245004513516506e-16, 0.9999999999999999]], [[-0.8929960417356011], [0.3977623583101144], [-0.2105781939235984]]], [[[1.0000000000000007, 1.1102230246251565e-16, 2.8033131371785203e-15], [2.220446049250313e-16, 0.9999999999999998, -6.938893903907228e-17], [-3.913536161803677e-15, -1.2906342661267445e-15, 0.9999999999999997]], [[-0.6622325412353643], [-0.7340314545548694], [-0.15048549781628148]]], [[[1.0, -3.4238664311944735e-16, 1.5482110935913583e-15], [-1.8698060020688755e-15, 1.0, 2.7039882518390528e-15], [6.049346722471408e-17, -2.7039882518390023e-15, 1.0]], [[2.3141537642849903e-14], [-1.0], [1.3818058992989604e-13]]], [[[1.0, -2.0530766746134315e-10, -1.0624733222890574e-11], [2.053076674630273e-10, 1.0, 1.5825974870479041e-10], [1.0624656762094618e-11, -1.5825974870697417e-10, 0.9999999999999997]], [[2.191864659130742e-08], [-0.9999999999999994], [2.25000055658539e-08]]], [[[0.9999993780108036, 0.0010549605756480784, 0.000361989212772279], [-0.0010548686216816927, 0.9999994113371764, -0.0002541210177652298], [-0.0003622570873377806, 0.00025373900864272825, 0.9999999021931542]], [[0.37574277784010085], [0.8564267281344125], [0.35404890091340463]]], [[[0.9999991437192792, 0.001071657825914927, 0.0007510727081399271], [-0.001066253269294156, 0.9999738011462641, -0.007159617661390283], [-0.0007587256911932849, 0.007158810697017168, 0.9999740875466372]], [[-0.1484006245421219], [-0.06756119716162498], [-0.9866168148139358]]], [[[0.9999998034221744, 2.3792831757518673e-05, 0.0006265696385652775], [-2.451646412143793e-05, 0.999999332768801, 0.0011549289569076637], [-0.0006265417414677565, -0.0011549440911459152, 0.9999991367744241]], [[0.49794735959684183], [0.6773687282798618], [0.5414979529223136]]], [[[0.9999997688269091, 0.0001662274499093508, 0.0006593288736603808], [-0.0001668531930029138, 0.9999995356662501, 0.0009491192208843091], [-0.0006591707978441663, -0.0009492290126009717, 0.9999993322288476]], [[0.5609205549594329], [0.6292062583984688], [0.5380219469651784]]]], "loop_closures": [[2, 0], [3, 0], [4, 0], [5, 3], [6, 1], [7, 5], [8, 6], [9, 7]], "image_paths": ["/home/thales1/VSLAM/a/pythonProject1/DATA/Data2/012_1631441453.300000019.png", "/home/thales1/VSLAM/a/pythonProject1/DATA/Data2/013_1631441453.400000031.png", "/home/thales1/VSLAM/a/pythonProject1/DATA/Data2/014_1631441453.500000011.png", "/home/thales1/VSLAM/a/pythonProject1/DATA/Data2/015_1631441453.600000024.png", "/home/thales1/VSLAM/a/pythonProject1/DATA/Data2/016_1631441453.700000004.png", "/home/thales1/VSLAM/a/pythonProject1/DATA/Data2/017_1631441453.800000016.png", "/home/thales1/VSLAM/a/pythonProject1/DATA/Data2/018_1631441453.900000028.png", "/home/thales1/VSLAM/a/pythonProject1/DATA/Data2/019_1631441454.000000009.png", "/home/thales1/VSLAM/a/pythonProject1/DATA/Data2/020_1631441454.100000021.png", "/home/thales1/VSLAM/a/pythonProject1/DATA/Data2/021_1631441454.200000029.png"]}